Open,Last update,Platform,Symbol,Timeframe,Account balance at open,Size,Expected close,Expiry,Close,Status,Side,Opening price,Closing price,Take profit,Stop loss,Leverage,TP price %,SL price %,Expected profit,Risk %,R/R ratio,PnL
01/09/2018 04:00:00,15/06/2023 18:58:09,Upscale-Gemini_BTCUSD_1h_17_12_17_to_10_03_23.csv,BTC_USD,FOUR_HOUR,100000.0,27.72,02/09/2018 04:00:00,02/09/2018 00:00:00,02/09/2018 00:00:00,EXPIRED,LONG,7053.0,7182.0,7269.46,6980.85,1.955,2.98,1.03,6000.27,2,3.0,3575.88
26/04/2022 07:00:00,15/06/2023 18:58:09,Upscale-Gemini_BTCUSD_1h_17_12_17_to_10_03_23.csv,BTC_USD,FOUR_HOUR,103575.88,9.976,26/04/2022 11:00:00,27/04/2022 03:00:00,26/04/2022 11:00:00,STOP_LOSS_HIT,LONG,40378.0,40170.34,41000.99,40170.34,3.889,1.52,0.52,6214.95,2,3.0,-2071.62
25/12/2017 16:00:00,15/06/2023 18:58:09,Upscale-Gemini_BTCUSD_1h_17_12_17_to_10_03_23.csv,BTC_USD,FOUR_HOUR,101504.26,22.544,26/12/2017 16:00:00,26/12/2017 12:00:00,25/12/2017 20:00:00,STOP_LOSS_HIT,LONG,14218.0,14127.95,14488.14,14127.95,3.158,1.86,0.64,6090.04,2,3.0,-2030.09
18/10/2019 00:00:00,15/06/2023 18:58:09,Upscale-Gemini_BTCUSD_1h_17_12_17_to_10_03_23.csv,BTC_USD,FOUR_HOUR,99474.17,17.095,18/10/2019 16:00:00,18/10/2019 20:00:00,18/10/2019 04:00:00,STOP_LOSS_HIT,LONG,8072.0,7955.62,8421.15,7955.62,1.387,4.15,1.46,5968.72,2,3.0,-1989.52
21/04/2018 20:00:00,15/06/2023 18:58:09,Upscale-Gemini_BTCUSD_1h_17_12_17_to_10_03_23.csv,BTC_USD,FOUR_HOUR,97484.65,44.986,22/04/2018 20:00:00,22/04/2018 16:00:00,22/04/2018 00:00:00,STOP_LOSS_HIT,LONG,8920.0,8876.66,9050.03,8876.66,4.116,1.44,0.49,5849.53,2,3.0,-1949.69
12/11/2020 07:00:00,15/06/2023 18:58:09,Upscale-Gemini_BTCUSD_1h_17_12_17_to_10_03_23.csv,BTC_USD,FOUR_HOUR,95534.96,13.176,13/11/2020 07:00:00,13/11/2020 03:00:00,12/11/2020 15:00:00,TAKE_PROFIT_HIT,LONG,15721.0,16156.05,16156.05,15575.99,2.168,2.69,0.93,5732.22,2,3.0,5732.22
31/10/2018 20:00:00,15/06/2023 18:58:09,Upscale-Gemini_BTCUSD_1h_17_12_17_to_10_03_23.csv,BTC_USD,FOUR_HOUR,101267.18,55.353,01/11/2018 04:00:00,01/11/2018 16:00:00,01/11/2018 16:00:00,EXPIRED,SHORT,6306.0,6321.0,6196.24,6342.59,3.447,1.77,0.58,6075.55,2,3.0,-830.29
18/04/2019 00:00:00,15/06/2023 18:58:09,Upscale-Gemini_BTCUSD_1h_17_12_17_to_10_03_23.csv,BTC_USD,FOUR_HOUR,100436.89,32.352,19/04/2019 00:00:00,18/04/2019 20:00:00,18/04/2019 20:00:00,EXPIRED,LONG,5274.0,5284.0,5460.28,5211.91,1.699,3.41,1.19,6026.53,2,3.0,323.52
29/11/2018 08:00:00,15/06/2023 18:58:09,Upscale-Gemini_BTCUSD_1h_17_12_17_to_10_03_23.csv,BTC_USD,FOUR_HOUR,100760.41,88.737,30/11/2018 00:00:00,30/11/2018 04:00:00,29/11/2018 12:00:00,TAKE_PROFIT_HIT,SHORT,4350.0,4281.88,4281.88,4372.71,3.831,1.59,0.52,6044.76,2,3.0,6044.76
23/03/2020 03:00:00,15/06/2023 18:58:09,Upscale-Gemini_BTCUSD_1h_17_12_17_to_10_03_23.csv,BTC_USD,FOUR_HOUR,106805.17,65.767,24/03/2020 03:00:00,23/03/2020 23:00:00,23/03/2020 07:00:00,STOP_LOSS_HIT,LONG,5929.0,5896.52,6026.46,5896.52,3.651,1.62,0.55,6409.65,2,3.0,-2136.11
01/02/2021 19:00:00,15/06/2023 18:58:09,Upscale-Gemini_BTCUSD_1h_17_12_17_to_10_03_23.csv,BTC_USD,FOUR_HOUR,104669.06,11.63,02/02/2021 19:00:00,02/02/2021 15:00:00,01/02/2021 23:00:00,STOP_LOSS_HIT,SHORT,33585.0,33765.0,33045.02,33765.0,3.732,1.63,0.53,6279.97,2,3.0,-2093.4
30/01/2022 07:00:00,15/06/2023 18:58:09,Upscale-Gemini_BTCUSD_1h_17_12_17_to_10_03_23.csv,BTC_USD,FOUR_HOUR,102575.66,5.543,31/01/2022 07:00:00,31/01/2022 03:00:00,30/01/2022 23:00:00,TAKE_PROFIT_HIT,SHORT,38195.0,37084.68,37084.68,38565.11,2.064,2.99,0.96,6154.5,2,3.0,6154.5
16/08/2019 20:00:00,15/06/2023 18:58:09,Upscale-Gemini_BTCUSD_1h_17_12_17_to_10_03_23.csv,BTC_USD,FOUR_HOUR,108730.16,18.101,17/08/2019 04:00:00,17/08/2019 16:00:00,17/08/2019 00:00:00,STOP_LOSS_HIT,LONG,10360.0,10239.86,10720.43,10239.86,1.725,3.36,1.17,6524.14,2,3.0,-2174.65
14/10/2021 23:00:00,15/06/2023 18:58:09,Upscale-Gemini_BTCUSD_1h_17_12_17_to_10_03_23.csv,BTC_USD,FOUR_HOUR,106555.51,4.511,15/10/2021 23:00:00,15/10/2021 19:00:00,15/10/2021 15:00:00,TAKE_PROFIT_HIT,LONG,59141.0,60558.17,60558.17,58668.61,2.504,2.34,0.81,6392.85,2,3.0,6392.85
25/07/2018 04:00:00,15/06/2023 18:58:09,Upscale-Gemini_BTCUSD_1h_17_12_17_to_10_03_23.csv,BTC_USD,FOUR_HOUR,112948.36,49.172,25/07/2018 20:00:00,26/07/2018 00:00:00,25/07/2018 08:00:00,STOP_LOSS_HIT,LONG,8320.0,8274.06,8457.82,8274.06,3.622,1.63,0.56,6776.89,2,3.0,-2258.96
10/05/2022 11:00:00,15/06/2023 18:58:09,Upscale-Gemini_BTCUSD_1h_17_12_17_to_10_03_23.csv,BTC_USD,FOUR_HOUR,110689.4,10.698,11/05/2022 07:00:00,11/05/2022 07:00:00,10/05/2022 15:00:00,STOP_LOSS_HIT,SHORT,31084.0,31290.94,30463.18,31290.94,3.004,2.04,0.66,6641.53,2,3.0,-2213.84
15/07/2018 20:00:00,15/06/2023 18:58:09,Upscale-Gemini_BTCUSD_1h_17_12_17_to_10_03_23.csv,BTC_USD,FOUR_HOUR,108475.56,70.302,16/07/2018 20:00:00,16/07/2018 16:00:00,16/07/2018 08:00:00,TAKE_PROFIT_HIT,LONG,6348.0,6440.58,6440.58,6317.14,4.114,1.44,0.49,6508.56,2,3.0,6508.56
03/01/2019 04:00:00,15/06/2023 18:58:09,Upscale-Gemini_BTCUSD_1h_17_12_17_to_10_03_23.csv,BTC_USD,FOUR_HOUR,114984.12,117.811,03/01/2019 20:00:00,04/01/2019 00:00:00,03/01/2019 08:00:00,STOP_LOSS_HIT,LONG,3846.0,3826.48,3904.55,3826.48,3.941,1.5,0.51,6897.83,2,3.0,-2299.67
01/02/2022 23:00:00,15/06/2023 18:58:09,Upscale-Gemini_BTCUSD_1h_17_12_17_to_10_03_23.csv,BTC_USD,FOUR_HOUR,112684.45,6.95,02/02/2022 07:00:00,02/02/2022 19:00:00,02/02/2022 03:00:00,STOP_LOSS_HIT,LONG,38659.0,38334.75,39631.77,38334.75,2.384,2.45,0.85,6760.75,2,3.0,-2253.54
02/07/2019 16:00:00,15/06/2023 18:58:09,Upscale-Gemini_BTCUSD_1h_17_12_17_to_10_03_23.csv,BTC_USD,FOUR_HOUR,110430.91,11.328,03/07/2019 16:00:00,03/07/2019 12:00:00,03/07/2019 00:00:00,TAKE_PROFIT_HIT,LONG,10770.0,11354.92,11354.92,10575.03,1.105,5.15,1.84,6625.97,2,3.0,6625.97
23/08/2022 19:00:00,15/06/2023 18:58:09,Upscale-Gemini_BTCUSD_1h_17_12_17_to_10_03_23.csv,BTC_USD,FOUR_HOUR,117056.88,6.693,24/08/2022 19:00:00,24/08/2022 15:00:00,24/08/2022 15:00:00,EXPIRED,LONG,21480.0,21680.0,22529.31,21130.23,1.228,4.66,1.66,7023.03,2,3.0,1338.6
09/05/2019 04:00:00,15/06/2023 18:58:09,Upscale-Gemini_BTCUSD_1h_17_12_17_to_10_03_23.csv,BTC_USD,FOUR_HOUR,118395.48,29.614,09/05/2019 12:00:00,10/05/2019 00:00:00,09/05/2019 12:00:00,STOP_LOSS_HIT,LONG,6056.0,5976.04,6295.89,5976.04,1.515,3.81,1.34,7104.1,2,3.0,-2367.94
16/06/2022 11:00:00,15/06/2023 18:58:09,Upscale-Gemini_BTCUSD_1h_17_12_17_to_10_03_23.csv,BTC_USD,FOUR_HOUR,116027.54,22.371,16/06/2022 15:00:00,17/06/2022 07:00:00,16/06/2022 15:00:00,STOP_LOSS_HIT,LONG,20906.0,20802.27,21217.18,20802.27,4.031,1.47,0.5,6961.41,2,3.0,-2320.54
19/04/2022 19:00:00,15/06/2023 18:58:09,Upscale-Gemini_BTCUSD_1h_17_12_17_to_10_03_23.csv,BTC_USD,FOUR_HOUR,113707.0,10.563,20/04/2022 11:00:00,20/04/2022 15:00:00,20/04/2022 11:00:00,TAKE_PROFIT_HIT,LONG,41402.0,42047.87,42047.87,41186.71,3.846,1.54,0.52,6822.32,2,3.0,6822.32
05/08/2022 23:00:00,15/06/2023 18:58:09,Upscale-Gemini_BTCUSD_1h_17_12_17_to_10_03_23.csv,BTC_USD,FOUR_HOUR,120529.32,19.904,06/08/2022 23:00:00,06/08/2022 19:00:00,06/08/2022 07:00:00,STOP_LOSS_HIT,LONG,23273.0,23151.89,23636.34,23151.89,3.843,1.54,0.52,7231.92,2,3.0,-2410.57
09/03/2019 12:00:00,15/06/2023 18:58:09,Upscale-Gemini_BTCUSD_1h_17_12_17_to_10_03_23.csv,BTC_USD,FOUR_HOUR,118118.75,101.215,10/03/2019 04:00:00,10/03/2019 08:00:00,09/03/2019 16:00:00,STOP_LOSS_HIT,LONG,3925.0,3901.66,3995.03,3901.66,3.363,1.75,0.6,7088.09,2,3.0,-2362.36
14/05/2020 23:00:00,15/06/2023 18:58:09,Upscale-Gemini_BTCUSD_1h_17_12_17_to_10_03_23.csv,BTC_USD,FOUR_HOUR,115756.39,49.426,15/05/2020 07:00:00,15/05/2020 19:00:00,15/05/2020 03:00:00,STOP_LOSS_HIT,SHORT,9485.0,9531.84,9344.48,9531.84,4.05,1.5,0.49,6945.34,2,3.0,-2315.11
24/02/2018 12:00:00,15/06/2023 18:58:09,Upscale-Gemini_BTCUSD_1h_17_12_17_to_10_03_23.csv,BTC_USD,FOUR_HOUR,113441.28,46.209,25/02/2018 12:00:00,25/02/2018 08:00:00,24/02/2018 16:00:00,STOP_LOSS_HIT,LONG,9756.0,9706.9,9903.29,9706.9,3.974,1.49,0.51,6806.12,2,3.0,-2268.86
01/06/2020 23:00:00,15/06/2023 18:58:09,Upscale-Gemini_BTCUSD_1h_17_12_17_to_10_03_23.csv,BTC_USD,FOUR_HOUR,111172.42,12.25,02/06/2020 11:00:00,02/06/2020 19:00:00,02/06/2020 11:00:00,STOP_LOSS_HIT,LONG,10100.0,9918.5,10644.52,9918.5,1.113,5.12,1.83,6670.37,2,3.0,-2223.37
20/10/2018 12:00:00,15/06/2023 18:58:09,Upscale-Gemini_BTCUSD_1h_17_12_17_to_10_03_23.csv,BTC_USD,FOUR_HOUR,108949.05,45.951,20/10/2018 20:00:00,21/10/2018 08:00:00,21/10/2018 08:00:00,EXPIRED,LONG,6396.0,6436.0,6538.27,6348.58,2.698,2.18,0.75,6537.45,2,3.0,1838.04
28/09/2019 20:00:00,15/06/2023 18:58:09,Upscale-Gemini_BTCUSD_1h_17_12_17_to_10_03_23.csv,BTC_USD,FOUR_HOUR,110787.09,763.946,29/09/2019 04:00:00,29/09/2019 16:00:00,29/09/2019 00:00:00,STOP_LOSS_HIT,LONG,8227.0,8224.1,8235.7,8224.1,56.73,0.11,0.04,6646.33,2,3.0,-2215.44
28/04/2022 07:00:00,15/06/2023 18:58:09,Upscale-Gemini_BTCUSD_1h_17_12_17_to_10_03_23.csv,BTC_USD,FOUR_HOUR,108571.65,10.313,29/04/2022 03:00:00,29/04/2022 03:00:00,28/04/2022 11:00:00,TAKE_PROFIT_HIT,SHORT,39721.0,39089.35,39089.35,39931.55,3.773,1.62,0.53,6514.21,2,3.0,6514.21
26/06/2018 04:00:00,15/06/2023 18:58:09,Upscale-Gemini_BTCUSD_1h_17_12_17_to_10_03_23.csv,BTC_USD,FOUR_HOUR,115085.86,64.637,27/06/2018 00:00:00,27/06/2018 00:00:00,26/06/2018 08:00:00,STOP_LOSS_HIT,LONG,6228.0,6192.39,6334.83,6192.39,3.498,1.69,0.58,6905.17,2,3.0,-2301.72
07/02/2022 03:00:00,15/06/2023 18:58:09,Upscale-Gemini_BTCUSD_1h_17_12_17_to_10_03_23.csv,BTC_USD,FOUR_HOUR,112784.14,11.091,07/02/2022 07:00:00,07/02/2022 23:00:00,07/02/2022 07:00:00,STOP_LOSS_HIT,LONG,42781.0,42577.63,43391.12,42577.63,4.207,1.41,0.48,6766.84,2,3.0,-2255.58
19/04/2020 19:00:00,15/06/2023 18:58:09,Upscale-Gemini_BTCUSD_1h_17_12_17_to_10_03_23.csv,BTC_USD,FOUR_HOUR,110528.56,50.724,20/04/2020 15:00:00,20/04/2020 15:00:00,19/04/2020 23:00:00,STOP_LOSS_HIT,LONG,7190.0,7146.42,7320.73,7146.42,3.3,1.79,0.61,6631.15,2,3.0,-2210.55
28/08/2018 04:00:00,15/06/2023 18:58:09,Upscale-Gemini_BTCUSD_1h_17_12_17_to_10_03_23.csv,BTC_USD,FOUR_HOUR,108318.01,62.091,29/08/2018 04:00:00,29/08/2018 00:00:00,28/08/2018 08:00:00,TAKE_PROFIT_HIT,LONG,6911.0,7015.67,7015.67,6876.11,3.962,1.49,0.51,6499.06,2,3.0,6499.06
16/03/2020 11:00:00,15/06/2023 18:58:09,Upscale-Gemini_BTCUSD_1h_17_12_17_to_10_03_23.csv,BTC_USD,FOUR_HOUR,114817.07,44.719,17/03/2020 07:00:00,17/03/2020 07:00:00,16/03/2020 15:00:00,TAKE_PROFIT_HIT,LONG,4937.0,5091.06,5091.06,4885.65,1.923,3.03,1.05,6889.41,2,3.0,6889.41
07/07/2022 07:00:00,15/06/2023 18:58:09,Upscale-Gemini_BTCUSD_1h_17_12_17_to_10_03_23.csv,BTC_USD,FOUR_HOUR,121706.48,14.183,08/07/2022 03:00:00,08/07/2022 03:00:00,07/07/2022 15:00:00,TAKE_PROFIT_HIT,LONG,20485.0,20999.86,20999.86,20313.38,2.387,2.45,0.84,7302.26,2,3.0,7302.26
02/07/2019 12:00:00,15/06/2023 18:58:09,Upscale-Gemini_BTCUSD_1h_17_12_17_to_10_03_23.csv,BTC_USD,FOUR_HOUR,129008.74,30.259,03/07/2019 04:00:00,03/07/2019 08:00:00,02/07/2019 16:00:00,STOP_LOSS_HIT,LONG,10599.0,10513.73,10854.81,10513.73,2.486,2.36,0.81,7740.55,2,3.0,-2580.18
26/08/2019 20:00:00,15/06/2023 18:58:09,Upscale-Gemini_BTCUSD_1h_17_12_17_to_10_03_23.csv,BTC_USD,FOUR_HOUR,126428.56,42.129,27/08/2019 12:00:00,27/08/2019 16:00:00,27/08/2019 00:00:00,STOP_LOSS_HIT,LONG,10367.0,10306.98,10547.07,10306.98,3.455,1.71,0.58,7586.17,2,3.0,-2528.58
09/02/2021 11:00:00,15/06/2023 18:58:09,Upscale-Gemini_BTCUSD_1h_17_12_17_to_10_03_23.csv,BTC_USD,FOUR_HOUR,123899.98,7.659,09/02/2021 19:00:00,10/02/2021 07:00:00,09/02/2021 15:00:00,STOP_LOSS_HIT,LONG,46748.0,46424.47,47718.6,46424.47,2.89,2.03,0.7,7433.83,2,3.0,-2477.92
14/12/2022 15:00:00,15/06/2023 18:58:09,Upscale-Gemini_BTCUSD_1h_17_12_17_to_10_03_23.csv,BTC_USD,FOUR_HOUR,121422.06,17.689,15/12/2022 11:00:00,15/12/2022 11:00:00,14/12/2022 19:00:00,TAKE_PROFIT_HIT,SHORT,18212.0,17800.13,17800.13,18349.29,2.653,2.31,0.75,7285.57,2,3.0,7285.57
23/09/2020 15:00:00,15/06/2023 18:58:09,Upscale-Gemini_BTCUSD_1h_17_12_17_to_10_03_23.csv,BTC_USD,FOUR_HOUR,128707.63,40.73,24/09/2020 11:00:00,24/09/2020 11:00:00,23/09/2020 19:00:00,STOP_LOSS_HIT,LONG,10405.0,10341.8,10594.59,10341.8,3.293,1.79,0.61,7722.0,2,3.0,-2574.14
09/09/2020 19:00:00,15/06/2023 18:58:09,Upscale-Gemini_BTCUSD_1h_17_12_17_to_10_03_23.csv,BTC_USD,FOUR_HOUR,126133.49,37.054,09/09/2020 23:00:00,10/09/2020 15:00:00,09/09/2020 23:00:00,STOP_LOSS_HIT,LONG,10282.0,10213.92,10486.25,10213.92,3.021,1.95,0.67,7568.28,2,3.0,-2522.64
13/01/2023 19:00:00,15/06/2023 18:58:09,Upscale-Gemini_BTCUSD_1h_17_12_17_to_10_03_23.csv,BTC_USD,FOUR_HOUR,123610.85,13.908,14/01/2023 19:00:00,14/01/2023 15:00:00,13/01/2023 23:00:00,TAKE_PROFIT_HIT,LONG,19869.0,20402.28,20402.28,19691.24,2.236,2.61,0.9,7416.86,2,3.0,7416.86
03/04/2018 00:00:00,15/06/2023 18:58:09,Upscale-Gemini_BTCUSD_1h_17_12_17_to_10_03_23.csv,BTC_USD,FOUR_HOUR,131027.71,27.997,03/04/2018 16:00:00,03/04/2018 20:00:00,03/04/2018 16:00:00,TAKE_PROFIT_HIT,LONG,7188.0,7468.79,7468.79,7094.4,1.536,3.76,1.32,7861.28,2,3.0,7861.28
10/03/2021 15:00:00,15/06/2023 18:58:09,Upscale-Gemini_BTCUSD_1h_17_12_17_to_10_03_23.csv,BTC_USD,FOUR_HOUR,138888.99,8.415,11/03/2021 15:00:00,11/03/2021 11:00:00,10/03/2021 19:00:00,STOP_LOSS_HIT,SHORT,56763.0,57093.1,55772.71,57093.1,3.439,1.78,0.58,8333.29,2,3.0,-2777.79
13/12/2019 02:00:00,15/06/2023 18:58:09,Upscale-Gemini_BTCUSD_1h_17_12_17_to_10_03_23.csv,BTC_USD,FOUR_HOUR,136111.2,63.529,13/12/2019 10:00:00,13/12/2019 22:00:00,13/12/2019 14:00:00,STOP_LOSS_HIT,SHORT,7216.0,7258.85,7087.44,7258.85,3.368,1.81,0.59,8167.29,2,3.0,-2722.22
08/01/2021 15:00:00,15/06/2023 18:58:09,Upscale-Gemini_BTCUSD_1h_17_12_17_to_10_03_23.csv,BTC_USD,FOUR_HOUR,133388.98,11.349,08/01/2021 23:00:00,09/01/2021 11:00:00,08/01/2021 19:00:00,STOP_LOSS_HIT,LONG,39894.0,39658.93,40599.2,39658.93,3.394,1.74,0.59,8003.31,2,3.0,-2667.81
01/10/2019 16:00:00,15/06/2023 18:58:09,Upscale-Gemini_BTCUSD_1h_17_12_17_to_10_03_23.csv,BTC_USD,FOUR_HOUR,130721.17,27.748,02/10/2019 16:00:00,02/10/2019 12:00:00,02/10/2019 04:00:00,STOP_LOSS_HIT,LONG,8316.0,8221.78,8598.66,8221.78,1.765,3.29,1.15,7843.25,2,3.0,-2614.42
30/07/2021 23:00:00,15/06/2023 18:58:09,Upscale-Gemini_BTCUSD_1h_17_12_17_to_10_03_23.csv,BTC_USD,FOUR_HOUR,128106.75,7.022,31/07/2021 15:00:00,31/07/2021 19:00:00,31/07/2021 03:00:00,STOP_LOSS_HIT,LONG,41983.0,41618.15,43077.56,41618.15,2.301,2.54,0.88,7686.0,2,3.0,-2561.98
24/03/2018 04:00:00,15/06/2023 18:58:09,Upscale-Gemini_BTCUSD_1h_17_12_17_to_10_03_23.csv,BTC_USD,FOUR_HOUR,125544.77,57.183,25/03/2018 04:00:00,25/03/2018 00:00:00,24/03/2018 08:00:00,STOP_LOSS_HIT,LONG,8920.0,8876.09,9051.74,8876.09,4.063,1.46,0.49,7533.29,2,3.0,-2510.91
28/10/2022 23:00:00,15/06/2023 18:58:09,Upscale-Gemini_BTCUSD_1h_17_12_17_to_10_03_23.csv,BTC_USD,FOUR_HOUR,123033.86,11.165,29/10/2022 23:00:00,29/10/2022 19:00:00,29/10/2022 19:00:00,EXPIRED,LONG,20746.0,20771.0,21407.17,20525.61,1.883,3.09,1.07,7381.96,2,3.0,279.13
26/05/2018 12:00:00,15/06/2023 18:58:09,Upscale-Gemini_BTCUSD_1h_17_12_17_to_10_03_23.csv,BTC_USD,FOUR_HOUR,123312.99,53.708,26/05/2018 20:00:00,27/05/2018 08:00:00,26/05/2018 20:00:00,STOP_LOSS_HIT,SHORT,7540.0,7585.92,7402.25,7585.92,3.284,1.86,0.61,7398.28,2,3.0,-2466.27
19/07/2019 04:00:00,15/06/2023 18:58:09,Upscale-Gemini_BTCUSD_1h_17_12_17_to_10_03_23.csv,BTC_USD,FOUR_HOUR,120846.72,44.585,20/07/2019 00:00:00,20/07/2019 00:00:00,19/07/2019 08:00:00,STOP_LOSS_HIT,LONG,10646.0,10591.79,10808.64,10591.79,3.928,1.5,0.51,7251.3,2,3.0,-2416.95
04/12/2020 07:00:00,15/06/2023 18:58:09,Upscale-Gemini_BTCUSD_1h_17_12_17_to_10_03_23.csv,BTC_USD,FOUR_HOUR,118429.77,12.052,04/12/2020 19:00:00,05/12/2020 03:00:00,04/12/2020 11:00:00,STOP_LOSS_HIT,LONG,19008.0,18811.47,19597.59,18811.47,1.934,3.01,1.04,7105.74,2,3.0,-2368.58
08/08/2022 03:00:00,15/06/2023 18:58:09,Upscale-Gemini_BTCUSD_1h_17_12_17_to_10_03_23.csv,BTC_USD,FOUR_HOUR,116061.19,7.566,08/08/2022 11:00:00,08/08/2022 23:00:00,08/08/2022 23:00:00,EXPIRED,LONG,23747.0,23813.0,24667.39,23440.21,1.548,3.73,1.31,6963.67,2,3.0,499.36
31/12/2022 15:00:00,15/06/2023 18:58:09,Upscale-Gemini_BTCUSD_1h_17_12_17_to_10_03_23.csv,BTC_USD,FOUR_HOUR,116560.55,24.769,31/12/2022 23:00:00,01/01/2023 11:00:00,01/01/2023 11:00:00,EXPIRED,SHORT,16552.0,16549.0,16269.64,16646.12,3.517,1.74,0.57,6993.77,2,3.0,74.31
20/12/2020 03:00:00,15/06/2023 18:58:09,Upscale-Gemini_BTCUSD_1h_17_12_17_to_10_03_23.csv,BTC_USD,FOUR_HOUR,116634.86,9.55,20/12/2020 19:00:00,20/12/2020 23:00:00,20/12/2020 07:00:00,STOP_LOSS_HIT,SHORT,23536.0,23780.25,22803.26,23780.25,1.927,3.21,1.03,6997.67,2,3.0,-2332.59
27/06/2021 23:00:00,15/06/2023 18:58:09,Upscale-Gemini_BTCUSD_1h_17_12_17_to_10_03_23.csv,BTC_USD,FOUR_HOUR,114302.27,4.31,28/06/2021 19:00:00,28/06/2021 19:00:00,28/06/2021 19:00:00,EXPIRED,LONG,34409.0,34406.0,36000.14,33878.62,1.297,4.42,1.57,6857.81,2,3.0,-12.93
12/04/2020 23:00:00,15/06/2023 18:58:09,Upscale-Gemini_BTCUSD_1h_17_12_17_to_10_03_23.csv,BTC_USD,FOUR_HOUR,114289.34,31.372,13/04/2020 07:00:00,13/04/2020 19:00:00,13/04/2020 03:00:00,STOP_LOSS_HIT,LONG,6730.0,6657.14,6948.57,6657.14,1.847,3.15,1.09,6856.98,2,3.0,-2285.76
08/03/2019 12:00:00,15/06/2023 18:58:09,Upscale-Gemini_BTCUSD_1h_17_12_17_to_10_03_23.csv,BTC_USD,FOUR_HOUR,112003.58,85.109,08/03/2019 20:00:00,09/03/2019 08:00:00,08/03/2019 20:00:00,TAKE_PROFIT_HIT,SHORT,3887.0,3808.04,3808.04,3913.32,2.954,2.07,0.67,6720.21,2,3.0,6720.21
14/07/2018 20:00:00,15/06/2023 18:58:09,Upscale-Gemini_BTCUSD_1h_17_12_17_to_10_03_23.csv,BTC_USD,FOUR_HOUR,118723.79,71.327,15/07/2018 20:00:00,15/07/2018 16:00:00,15/07/2018 08:00:00,TAKE_PROFIT_HIT,LONG,6250.0,6349.87,6349.87,6216.71,3.755,1.57,0.54,7123.43,2,3.0,7123.43
06/06/2022 19:00:00,15/06/2023 18:58:09,Upscale-Gemini_BTCUSD_1h_17_12_17_to_10_03_23.csv,BTC_USD,FOUR_HOUR,125847.22,12.727,06/06/2022 23:00:00,07/06/2022 15:00:00,06/06/2022 23:00:00,STOP_LOSS_HIT,LONG,31374.0,31176.23,31967.31,31176.23,3.173,1.86,0.63,7551.06,2,3.0,-2517.02
04/06/2020 19:00:00,15/06/2023 18:58:09,Upscale-Gemini_BTCUSD_1h_17_12_17_to_10_03_23.csv,BTC_USD,FOUR_HOUR,123330.2,23.763,05/06/2020 07:00:00,05/06/2020 15:00:00,05/06/2020 07:00:00,STOP_LOSS_HIT,LONG,9819.0,9715.2,10130.39,9715.2,1.892,3.07,1.07,7399.56,2,3.0,-2466.6
14/12/2020 03:00:00,15/06/2023 18:58:09,Upscale-Gemini_BTCUSD_1h_17_12_17_to_10_03_23.csv,BTC_USD,FOUR_HOUR,120863.6,13.867,14/12/2020 07:00:00,14/12/2020 23:00:00,14/12/2020 23:00:00,EXPIRED,LONG,19209.0,19459.0,19731.97,19034.68,2.204,2.65,0.92,7252.02,2,3.0,3466.75
20/11/2020 15:00:00,15/06/2023 18:58:09,Upscale-Gemini_BTCUSD_1h_17_12_17_to_10_03_23.csv,BTC_USD,FOUR_HOUR,124330.35,21.936,21/11/2020 15:00:00,21/11/2020 11:00:00,20/11/2020 23:00:00,STOP_LOSS_HIT,SHORT,18602.0,18715.36,18261.93,18715.36,3.282,1.86,0.61,7459.78,2,3.0,-2486.66
03/10/2022 19:00:00,15/06/2023 18:58:09,Upscale-Gemini_BTCUSD_1h_17_12_17_to_10_03_23.csv,BTC_USD,FOUR_HOUR,121843.69,7.868,03/10/2022 23:00:00,04/10/2022 15:00:00,04/10/2022 15:00:00,EXPIRED,LONG,19521.0,20132.0,20450.15,19211.28,1.261,4.54,1.61,7310.55,2,3.0,4807.35
25/08/2022 07:00:00,15/06/2023 18:58:09,Upscale-Gemini_BTCUSD_1h_17_12_17_to_10_03_23.csv,BTC_USD,FOUR_HOUR,126651.04,9.039,26/08/2022 03:00:00,26/08/2022 03:00:00,26/08/2022 03:00:00,EXPIRED,LONG,21629.0,21425.0,22469.66,21348.78,1.544,3.74,1.31,7598.73,2,3.0,-1843.96
31/08/2020 11:00:00,15/06/2023 18:58:09,Upscale-Gemini_BTCUSD_1h_17_12_17_to_10_03_23.csv,BTC_USD,FOUR_HOUR,124807.08,43.321,31/08/2020 23:00:00,01/09/2020 07:00:00,31/08/2020 15:00:00,STOP_LOSS_HIT,LONG,11745.0,11687.38,11917.88,11687.38,4.077,1.45,0.49,7489.33,2,3.0,-2496.16
23/02/2019 12:00:00,15/06/2023 18:58:09,Upscale-Gemini_BTCUSD_1h_17_12_17_to_10_03_23.csv,BTC_USD,FOUR_HOUR,122310.92,42.06,24/02/2019 12:00:00,24/02/2019 08:00:00,23/02/2019 16:00:00,TAKE_PROFIT_HIT,LONG,3925.0,4099.49,4099.49,3866.84,1.35,4.26,1.5,7339.05,2,3.0,7339.05
12/04/2018 08:00:00,15/06/2023 18:58:09,Upscale-Gemini_BTCUSD_1h_17_12_17_to_10_03_23.csv,BTC_USD,FOUR_HOUR,129649.97,17.657,13/04/2018 08:00:00,13/04/2018 04:00:00,12/04/2018 16:00:00,STOP_LOSS_HIT,LONG,7735.0,7588.15,8175.54,7588.15,1.053,5.39,1.94,7778.61,2,3.0,-2592.93
18/07/2022 19:00:00,15/06/2023 18:58:09,Upscale-Gemini_BTCUSD_1h_17_12_17_to_10_03_23.csv,BTC_USD,FOUR_HOUR,127057.04,22.131,18/07/2022 23:00:00,19/07/2022 15:00:00,18/07/2022 23:00:00,TAKE_PROFIT_HIT,LONG,21793.0,22137.46,22137.46,21678.18,3.796,1.56,0.53,7623.24,2,3.0,7623.24
06/01/2018 16:00:00,15/06/2023 18:58:09,Upscale-Gemini_BTCUSD_1h_17_12_17_to_10_03_23.csv,BTC_USD,FOUR_HOUR,134680.28,25.883,07/01/2018 08:00:00,07/01/2018 12:00:00,06/01/2018 20:00:00,TAKE_PROFIT_HIT,LONG,16718.0,17030.2,17030.2,16613.93,3.213,1.83,0.63,8080.67,2,3.0,8080.67
14/05/2020 19:00:00,15/06/2023 18:58:09,Upscale-Gemini_BTCUSD_1h_17_12_17_to_10_03_23.csv,BTC_USD,FOUR_HOUR,142760.95,55.505,14/05/2020 23:00:00,15/05/2020 15:00:00,14/05/2020 23:00:00,STOP_LOSS_HIT,LONG,9762.0,9710.56,9916.31,9710.56,3.795,1.56,0.53,8564.98,2,3.0,-2855.18
18/11/2022 07:00:00,15/06/2023 18:58:09,Upscale-Gemini_BTCUSD_1h_17_12_17_to_10_03_23.csv,BTC_USD,FOUR_HOUR,139905.77,26.848,18/11/2022 23:00:00,19/11/2022 03:00:00,19/11/2022 03:00:00,EXPIRED,SHORT,16757.0,16585.0,16444.34,16861.22,3.216,1.9,0.62,8394.3,2,3.0,4617.86
03/09/2019 12:00:00,15/06/2023 18:58:09,Upscale-Gemini_BTCUSD_1h_17_12_17_to_10_03_23.csv,BTC_USD,FOUR_HOUR,144523.63,16.479,04/09/2019 12:00:00,04/09/2019 08:00:00,04/09/2019 00:00:00,STOP_LOSS_HIT,LONG,10688.0,10512.6,11214.21,10512.6,1.219,4.69,1.67,8671.41,2,3.0,-2890.42
30/05/2020 19:00:00,15/06/2023 18:58:09,Upscale-Gemini_BTCUSD_1h_17_12_17_to_10_03_23.csv,BTC_USD,FOUR_HOUR,141633.21,34.937,30/05/2020 23:00:00,31/05/2020 15:00:00,30/05/2020 23:00:00,STOP_LOSS_HIT,LONG,9729.0,9647.92,9972.24,9647.92,2.4,2.44,0.84,8498.08,2,3.0,-2832.69
25/05/2019 12:00:00,15/06/2023 18:58:09,Upscale-Gemini_BTCUSD_1h_17_12_17_to_10_03_23.csv,BTC_USD,FOUR_HOUR,138800.52,60.771,26/05/2019 12:00:00,26/05/2019 08:00:00,25/05/2019 16:00:00,STOP_LOSS_HIT,LONG,8069.0,8023.32,8206.05,8023.32,3.533,1.67,0.57,8328.67,2,3.0,-2776.02
28/07/2020 03:00:00,15/06/2023 18:58:09,Upscale-Gemini_BTCUSD_1h_17_12_17_to_10_03_23.csv,BTC_USD,FOUR_HOUR,136024.5,17.948,28/07/2020 07:00:00,28/07/2020 23:00:00,28/07/2020 07:00:00,STOP_LOSS_HIT,LONG,10955.0,10803.42,11409.74,10803.42,1.445,3.99,1.4,8161.67,2,3.0,-2720.56
14/04/2018 12:00:00,15/06/2023 18:58:09,Upscale-Gemini_BTCUSD_1h_17_12_17_to_10_03_23.csv,BTC_USD,FOUR_HOUR,133303.94,38.169,15/04/2018 00:00:00,15/04/2018 08:00:00,15/04/2018 08:00:00,TAKE_PROFIT_HIT,LONG,7963.0,8172.56,8172.56,7893.15,2.28,2.56,0.88,7998.7,2,3.0,7998.7
27/09/2019 16:00:00,15/06/2023 18:58:09,Upscale-Gemini_BTCUSD_1h_17_12_17_to_10_03_23.csv,BTC_USD,FOUR_HOUR,141302.64,47.504,28/09/2019 16:00:00,28/09/2019 12:00:00,27/09/2019 20:00:00,TAKE_PROFIT_HIT,LONG,8004.0,8182.46,8182.46,7944.51,2.691,2.18,0.75,8477.56,2,3.0,8477.56
14/01/2023 11:00:00,15/06/2023 18:58:09,Upscale-Gemini_BTCUSD_1h_17_12_17_to_10_03_23.csv,BTC_USD,FOUR_HOUR,149780.2,22.928,15/01/2023 03:00:00,15/01/2023 07:00:00,14/01/2023 19:00:00,STOP_LOSS_HIT,SHORT,20834.0,20964.65,20442.07,20964.65,3.189,1.92,0.62,8986.17,2,3.0,-2995.54
19/11/2020 19:00:00,15/06/2023 18:58:09,Upscale-Gemini_BTCUSD_1h_17_12_17_to_10_03_23.csv,BTC_USD,FOUR_HOUR,146784.66,33.771,20/11/2020 03:00:00,20/11/2020 15:00:00,19/11/2020 23:00:00,STOP_LOSS_HIT,LONG,17890.0,17803.07,18150.79,17803.07,4.116,1.44,0.49,8807.14,2,3.0,-2935.71
13/04/2018 12:00:00,15/06/2023 18:58:09,Upscale-Gemini_BTCUSD_1h_17_12_17_to_10_03_23.csv,BTC_USD,FOUR_HOUR,143848.95,57.551,14/04/2018 12:00:00,14/04/2018 08:00:00,13/04/2018 20:00:00,TAKE_PROFIT_HIT,SHORT,8140.0,7990.03,7990.03,8189.99,3.257,1.88,0.61,8630.92,2,3.0,8630.92
09/04/2020 07:00:00,15/06/2023 18:58:09,Upscale-Gemini_BTCUSD_1h_17_12_17_to_10_03_23.csv,BTC_USD,FOUR_HOUR,152479.87,76.777,10/04/2020 07:00:00,10/04/2020 03:00:00,09/04/2020 11:00:00,STOP_LOSS_HIT,SHORT,7319.0,7358.72,7199.84,7358.72,3.685,1.66,0.54,9148.75,2,3.0,-3049.58
02/05/2022 23:00:00,15/06/2023 18:58:09,Upscale-Gemini_BTCUSD_1h_17_12_17_to_10_03_23.csv,BTC_USD,FOUR_HOUR,149430.29,16.277,03/05/2022 11:00:00,03/05/2022 19:00:00,03/05/2022 11:00:00,STOP_LOSS_HIT,LONG,38375.0,38191.39,38925.83,38191.39,4.18,1.42,0.48,8965.86,2,3.0,-2988.62
29/08/2018 04:00:00,15/06/2023 18:58:09,Upscale-Gemini_BTCUSD_1h_17_12_17_to_10_03_23.csv,BTC_USD,FOUR_HOUR,146441.67,72.984,30/08/2018 04:00:00,30/08/2018 00:00:00,29/08/2018 08:00:00,STOP_LOSS_HIT,SHORT,7053.0,7093.13,6932.6,7093.13,3.515,1.74,0.57,8787.27,2,3.0,-2928.85
25/06/2018 04:00:00,15/06/2023 18:58:09,Upscale-Gemini_BTCUSD_1h_17_12_17_to_10_03_23.csv,BTC_USD,FOUR_HOUR,143512.82,91.293,25/06/2018 08:00:00,26/06/2018 00:00:00,25/06/2018 12:00:00,STOP_LOSS_HIT,LONG,6156.0,6124.56,6250.32,6124.56,3.916,1.51,0.51,8610.76,2,3.0,-2870.25
29/05/2020 11:00:00,15/06/2023 18:58:09,Upscale-Gemini_BTCUSD_1h_17_12_17_to_10_03_23.csv,BTC_USD,FOUR_HOUR,140642.57,30.979,29/05/2020 23:00:00,30/05/2020 07:00:00,29/05/2020 15:00:00,STOP_LOSS_HIT,LONG,9446.0,9355.2,9718.39,9355.2,2.081,2.8,0.97,8438.37,2,3.0,-2812.89
21/12/2018 12:00:00,15/06/2023 18:58:09,Upscale-Gemini_BTCUSD_1h_17_12_17_to_10_03_23.csv,BTC_USD,FOUR_HOUR,137829.68,72.753,22/12/2018 12:00:00,22/12/2018 08:00:00,21/12/2018 16:00:00,STOP_LOSS_HIT,LONG,3970.0,3932.11,4083.68,3932.11,2.096,2.78,0.96,8270.56,2,3.0,-2756.61
27/12/2021 03:00:00,15/06/2023 18:58:09,Upscale-Gemini_BTCUSD_1h_17_12_17_to_10_03_23.csv,BTC_USD,FOUR_HOUR,135073.07,5.741,27/12/2021 11:00:00,27/12/2021 23:00:00,27/12/2021 23:00:00,STOP_LOSS_HIT,LONG,50958.0,50487.44,52369.69,50487.44,2.166,2.7,0.93,8104.51,2,3.0,-2701.48
12/08/2018 00:00:00,15/06/2023 18:58:09,Upscale-Gemini_BTCUSD_1h_17_12_17_to_10_03_23.csv,BTC_USD,FOUR_HOUR,132371.59,76.982,12/08/2018 08:00:00,12/08/2018 20:00:00,12/08/2018 12:00:00,STOP_LOSS_HIT,LONG,6286.0,6251.61,6389.16,6251.61,3.656,1.61,0.55,7941.46,2,3.0,-2647.41
18/03/2021 03:00:00,15/06/2023 18:58:09,Upscale-Gemini_BTCUSD_1h_17_12_17_to_10_03_23.csv,BTC_USD,FOUR_HOUR,129724.18,2.614,18/03/2021 11:00:00,18/03/2021 23:00:00,18/03/2021 11:00:00,STOP_LOSS_HIT,LONG,58945.0,57952.35,61922.94,57952.35,1.188,4.81,1.71,7784.34,2,3.0,-2594.79
30/12/2020 15:00:00,15/06/2023 18:58:09,Upscale-Gemini_BTCUSD_1h_17_12_17_to_10_03_23.csv,BTC_USD,FOUR_HOUR,127129.39,17.329,31/12/2020 03:00:00,31/12/2020 11:00:00,30/12/2020 19:00:00,STOP_LOSS_HIT,SHORT,28528.0,28674.72,28087.84,28674.72,3.889,1.57,0.51,7627.53,2,3.0,-2542.51
08/11/2018 04:00:00,15/06/2023 18:58:09,Upscale-Gemini_BTCUSD_1h_17_12_17_to_10_03_23.csv,BTC_USD,FOUR_HOUR,124586.88,72.182,09/11/2018 04:00:00,09/11/2018 00:00:00,08/11/2018 12:00:00,STOP_LOSS_HIT,SHORT,6447.0,6481.52,6343.45,6481.52,3.735,1.63,0.53,7474.45,2,3.0,-2491.72
26/01/2023 19:00:00,15/06/2023 18:58:09,Upscale-Gemini_BTCUSD_1h_17_12_17_to_10_03_23.csv,BTC_USD,FOUR_HOUR,122095.16,12.572,27/01/2023 15:00:00,27/01/2023 15:00:00,26/01/2023 23:00:00,STOP_LOSS_HIT,LONG,23024.0,22829.77,23606.7,22829.77,2.371,2.47,0.85,7325.7,2,3.0,-2441.86
15/07/2022 15:00:00,15/06/2023 18:58:09,Upscale-Gemini_BTCUSD_1h_17_12_17_to_10_03_23.csv,BTC_USD,FOUR_HOUR,119653.3,22.47,15/07/2022 23:00:00,16/07/2022 11:00:00,15/07/2022 19:00:00,STOP_LOSS_HIT,SHORT,21041.0,21147.5,20721.5,21147.5,3.951,1.54,0.5,7179.17,2,3.0,-2393.05
15/12/2021 03:00:00,15/06/2023 18:58:09,Upscale-Gemini_BTCUSD_1h_17_12_17_to_10_03_23.csv,BTC_USD,FOUR_HOUR,117260.25,9.973,15/12/2021 11:00:00,15/12/2021 23:00:00,15/12/2021 11:00:00,STOP_LOSS_HIT,LONG,48085.0,47849.84,48790.49,47849.84,4.09,1.45,0.49,7035.85,2,3.0,-2345.25
20/01/2022 15:00:00,15/06/2023 18:58:09,Upscale-Gemini_BTCUSD_1h_17_12_17_to_10_03_23.csv,BTC_USD,FOUR_HOUR,114915.0,5.328,20/01/2022 19:00:00,21/01/2022 11:00:00,20/01/2022 19:00:00,STOP_LOSS_HIT,LONG,42856.0,42424.67,44149.99,42424.67,1.987,2.93,1.02,6894.38,2,3.0,-2298.13
20/04/2019 16:00:00,15/06/2023 18:58:09,Upscale-Gemini_BTCUSD_1h_17_12_17_to_10_03_23.csv,BTC_USD,FOUR_HOUR,112616.87,69.495,21/04/2019 04:00:00,21/04/2019 12:00:00,20/04/2019 20:00:00,STOP_LOSS_HIT,LONG,5320.0,5287.59,5417.24,5287.59,3.283,1.8,0.61,6757.69,2,3.0,-2252.33
11/01/2020 11:00:00,15/06/2023 18:58:09,Upscale-Gemini_BTCUSD_1h_17_12_17_to_10_03_23.csv,BTC_USD,FOUR_HOUR,110364.54,34.484,12/01/2020 11:00:00,12/01/2020 07:00:00,11/01/2020 19:00:00,TAKE_PROFIT_HIT,LONG,8051.0,8243.03,8243.03,7986.99,2.516,2.33,0.8,6621.96,2,3.0,6621.96
02/03/2020 15:00:00,15/06/2023 18:58:09,Upscale-Gemini_BTCUSD_1h_17_12_17_to_10_03_23.csv,BTC_USD,FOUR_HOUR,116986.5,19.018,03/03/2020 03:00:00,03/03/2020 11:00:00,03/03/2020 07:00:00,STOP_LOSS_HIT,LONG,8867.0,8743.97,9236.1,8743.97,1.441,4.0,1.41,7019.54,2,3.0,-2339.78
05/05/2021 23:00:00,15/06/2023 18:58:09,Upscale-Gemini_BTCUSD_1h_17_12_17_to_10_03_23.csv,BTC_USD,FOUR_HOUR,114646.72,3.976,06/05/2021 23:00:00,06/05/2021 19:00:00,06/05/2021 07:00:00,STOP_LOSS_HIT,LONG,57112.0,56535.3,58842.12,56535.3,1.981,2.94,1.02,6878.96,2,3.0,-2292.96
13/05/2020 19:00:00,15/06/2023 18:58:09,Upscale-Gemini_BTCUSD_1h_17_12_17_to_10_03_23.csv,BTC_USD,FOUR_HOUR,112353.76,27.274,14/05/2020 11:00:00,14/05/2020 15:00:00,14/05/2020 07:00:00,TAKE_PROFIT_HIT,LONG,9335.0,9582.16,9582.16,9252.61,2.266,2.58,0.89,6741.04,2,3.0,6741.04
16/06/2022 03:00:00,15/06/2023 18:58:09,Upscale-Gemini_BTCUSD_1h_17_12_17_to_10_03_23.csv,BTC_USD,FOUR_HOUR,119094.8,8.962,16/06/2022 23:00:00,16/06/2022 23:00:00,16/06/2022 07:00:00,TAKE_PROFIT_HIT,SHORT,21775.0,20977.64,20977.64,22040.79,1.639,3.8,1.21,7145.94,2,3.0,7145.94
03/07/2021 07:00:00,15/06/2023 18:58:09,Upscale-Gemini_BTCUSD_1h_17_12_17_to_10_03_23.csv,BTC_USD,FOUR_HOUR,126240.74,6.487,03/07/2021 23:00:00,04/07/2021 03:00:00,04/07/2021 03:00:00,EXPIRED,LONG,34609.0,35417.0,35776.67,34219.77,1.778,3.26,1.14,7574.68,2,3.0,5241.5
26/12/2017 04:00:00,15/06/2023 18:58:09,Upscale-Gemini_BTCUSD_1h_17_12_17_to_10_03_23.csv,BTC_USD,FOUR_HOUR,131482.24,10.742,26/12/2017 20:00:00,27/12/2017 00:00:00,26/12/2017 08:00:00,STOP_LOSS_HIT,LONG,15432.0,15187.2,16166.4,15187.2,1.261,4.54,1.61,7888.92,2,3.0,-2629.64
29/04/2020 11:00:00,15/06/2023 18:58:09,Upscale-Gemini_BTCUSD_1h_17_12_17_to_10_03_23.csv,BTC_USD,FOUR_HOUR,128852.6,17.585,29/04/2020 19:00:00,30/04/2020 07:00:00,29/04/2020 15:00:00,TAKE_PROFIT_HIT,LONG,8372.0,8811.66,8811.66,8225.45,1.143,4.99,1.78,7731.42,2,3.0,7731.42
16/02/2019 16:00:00,15/06/2023 18:58:09,Upscale-Gemini_BTCUSD_1h_17_12_17_to_10_03_23.csv,BTC_USD,FOUR_HOUR,136584.02,108.486,16/02/2019 20:00:00,17/02/2019 12:00:00,17/02/2019 08:00:00,TAKE_PROFIT_HIT,LONG,3595.0,3670.54,3670.54,3569.82,2.855,2.06,0.71,8195.03,2,3.0,8195.03
05/05/2019 08:00:00,15/06/2023 18:58:09,Upscale-Gemini_BTCUSD_1h_17_12_17_to_10_03_23.csv,BTC_USD,FOUR_HOUR,144779.05,58.485,05/05/2019 12:00:00,06/05/2019 04:00:00,05/05/2019 16:00:00,STOP_LOSS_HIT,LONG,5711.0,5661.49,5859.53,5661.49,2.307,2.53,0.87,8686.78,2,3.0,-2895.59
21/08/2018 20:00:00,15/06/2023 18:58:09,Upscale-Gemini_BTCUSD_1h_17_12_17_to_10_03_23.csv,BTC_USD,FOUR_HOUR,141883.46,73.268,22/08/2018 16:00:00,22/08/2018 16:00:00,22/08/2018 00:00:00,TAKE_PROFIT_HIT,LONG,6477.0,6593.18,6593.18,6438.27,3.345,1.76,0.6,8512.28,2,3.0,8512.28
09/10/2020 03:00:00,15/06/2023 18:58:09,Upscale-Gemini_BTCUSD_1h_17_12_17_to_10_03_23.csv,BTC_USD,FOUR_HOUR,150395.74,52.586,09/10/2020 07:00:00,09/10/2020 23:00:00,09/10/2020 11:00:00,TAKE_PROFIT_HIT,LONG,10856.0,11027.59,11027.59,10798.8,3.796,1.56,0.53,9023.23,2,3.0,9023.23
09/07/2020 03:00:00,15/06/2023 18:58:09,Upscale-Gemini_BTCUSD_1h_17_12_17_to_10_03_23.csv,BTC_USD,FOUR_HOUR,159418.97,65.242,10/07/2020 03:00:00,09/07/2020 23:00:00,09/07/2020 07:00:00,STOP_LOSS_HIT,LONG,9410.0,9361.13,9556.63,9361.13,3.851,1.53,0.52,9566.43,2,3.0,-3188.38
15/01/2023 03:00:00,15/06/2023 18:58:09,Upscale-Gemini_BTCUSD_1h_17_12_17_to_10_03_23.csv,BTC_USD,FOUR_HOUR,156230.59,28.157,16/01/2023 03:00:00,15/01/2023 23:00:00,15/01/2023 15:00:00,STOP_LOSS_HIT,SHORT,20727.0,20837.97,20394.09,20837.97,3.736,1.63,0.53,9373.75,2,3.0,-3124.58
27/09/2018 04:00:00,15/06/2023 18:58:09,Upscale-Gemini_BTCUSD_1h_17_12_17_to_10_03_23.csv,BTC_USD,FOUR_HOUR,153106.01,92.038,28/09/2018 00:00:00,28/09/2018 00:00:00,27/09/2018 16:00:00,TAKE_PROFIT_HIT,LONG,6449.0,6548.81,6548.81,6415.73,3.877,1.52,0.52,9186.31,2,3.0,9186.31
21/02/2019 04:00:00,15/06/2023 18:58:09,Upscale-Gemini_BTCUSD_1h_17_12_17_to_10_03_23.csv,BTC_USD,FOUR_HOUR,162292.32,115.347,22/02/2019 00:00:00,22/02/2019 00:00:00,21/02/2019 08:00:00,STOP_LOSS_HIT,LONG,3931.0,3902.86,4015.43,3902.86,2.794,2.1,0.72,9738.75,2,3.0,-3245.86
30/12/2020 15:00:00,15/06/2023 18:58:09,Upscale-Gemini_BTCUSD_1h_17_12_17_to_10_03_23.csv,BTC_USD,FOUR_HOUR,159046.46,21.68,31/12/2020 03:00:00,31/12/2020 11:00:00,30/12/2020 19:00:00,STOP_LOSS_HIT,SHORT,28528.0,28674.72,28087.84,28674.72,3.889,1.57,0.51,9542.67,2,3.0,-3180.89
30/03/2020 15:00:00,15/06/2023 18:58:09,Upscale-Gemini_BTCUSD_1h_17_12_17_to_10_03_23.csv,BTC_USD,FOUR_HOUR,155865.57,31.068,30/03/2020 23:00:00,31/03/2020 11:00:00,31/03/2020 11:00:00,EXPIRED,LONG,6384.0,6474.0,6685.01,6283.66,1.272,4.5,1.6,9351.78,2,3.0,2796.12
14/07/2022 15:00:00,15/06/2023 18:58:09,Upscale-Gemini_BTCUSD_1h_17_12_17_to_10_03_23.csv,BTC_USD,FOUR_HOUR,158661.69,26.805,15/07/2022 15:00:00,15/07/2022 11:00:00,14/07/2022 19:00:00,STOP_LOSS_HIT,LONG,20691.0,20572.62,21046.13,20572.62,3.496,1.69,0.58,9519.26,2,3.0,-3173.18
13/10/2022 23:00:00,15/06/2023 18:58:09,Upscale-Gemini_BTCUSD_1h_17_12_17_to_10_03_23.csv,BTC_USD,FOUR_HOUR,155488.51,28.667,14/10/2022 07:00:00,14/10/2022 19:00:00,14/10/2022 07:00:00,STOP_LOSS_HIT,LONG,19829.0,19720.52,20154.43,19720.52,3.656,1.61,0.55,9329.1,2,3.0,-3109.8
05/10/2021 11:00:00,15/06/2023 18:58:09,Upscale-Gemini_BTCUSD_1h_17_12_17_to_10_03_23.csv,BTC_USD,FOUR_HOUR,152378.71,10.316,06/10/2021 07:00:00,06/10/2021 07:00:00,05/10/2021 15:00:00,TAKE_PROFIT_HIT,LONG,49875.0,50761.24,50761.24,49579.59,3.377,1.75,0.6,9142.45,2,3.0,9142.45
15/10/2021 11:00:00,15/06/2023 18:58:09,Upscale-Gemini_BTCUSD_1h_17_12_17_to_10_03_23.csv,BTC_USD,FOUR_HOUR,161521.16,6.911,15/10/2021 23:00:00,16/10/2021 07:00:00,15/10/2021 15:00:00,TAKE_PROFIT_HIT,LONG,60067.0,61469.25,61469.25,59599.58,2.57,2.28,0.78,9690.95,2,3.0,9690.95
01/06/2021 11:00:00,15/06/2023 18:58:09,Upscale-Gemini_BTCUSD_1h_17_12_17_to_10_03_23.csv,BTC_USD,FOUR_HOUR,171212.11,18.117,01/06/2021 15:00:00,02/06/2021 07:00:00,01/06/2021 15:00:00,TAKE_PROFIT_HIT,SHORT,36624.0,36056.96,36056.96,36813.01,3.875,1.57,0.51,10273.06,2,3.0,10273.06
29/01/2022 11:00:00,15/06/2023 18:58:09,Upscale-Gemini_BTCUSD_1h_17_12_17_to_10_03_23.csv,BTC_USD,FOUR_HOUR,181485.17,10.569,30/01/2022 11:00:00,30/01/2022 07:00:00,29/01/2022 19:00:00,TAKE_PROFIT_HIT,LONG,37655.0,38685.31,38685.31,37311.56,2.193,2.66,0.92,10889.35,2,3.0,10889.35
18/01/2018 08:00:00,15/06/2023 18:58:09,Upscale-Gemini_BTCUSD_1h_17_12_17_to_10_03_23.csv,BTC_USD,FOUR_HOUR,192374.52,34.142,18/01/2018 16:00:00,19/01/2018 04:00:00,18/01/2018 12:00:00,TAKE_PROFIT_HIT,LONG,11553.0,11891.07,11891.07,11440.31,2.05,2.84,0.99,11542.39,2,3.0,11542.39
